Product Name,Category,Description,Image URL,Image Alt Text,SEO Title,Variant Option,Price,Stock Qty,Weight (g),Animal Type,Color,Material,Features
Red/Black Stripe Tube Harness with Built-In Leash – Petopia,Animals & Pet Supplies > Pet Supplies > Pet Collars & Harnesses > Harnesses,"Make every walk stylish and safe with Petopia’s Red/Black Stripe Tube Harness with Built-In Leash. Designed using reinforced tubular nylon, it combines durability with a soft, padded feel for your dog’s comfort. The built-in leash offers convenience and secure control, while the adjustable chest strap provides a perfect fit. Its bold red and black stripes exude sporty energy, ideal for daily walks or outdoor activities. Washable, quick-dry, and made to endure every adventure.",,,Red/Black Tube Harness with Built-In Leash | Bold & Durable – Petopia,Size - S,565,2,500,dogs,striped,nylon,quick-release; adjustable
Orange/Black Stripe Tube Harness with Built-In Leash – Petopia,Animals & Pet Supplies > Pet Supplies > Pet Collars & Harnesses > Harnesses,"Vibrant, bold, and convenient — Petopia’s Orange/Black Stripe Tube Harness is designed for dogs who love adventure. The dual-tone tubular nylon material offers both resilience and comfort, while the built-in leash provides quick, secure handling. Adjustable straps ensure a custom fit that stays comfortable during long walks. The bright orange color improves visibility, making it ideal for outdoor play and evening strolls. Easy to wash, quick to dry, and built to last.",,,Orange/Black Tube Harness with Built-In Leash | Bright & Strong – Petopia,Size - S,565,1,500,dogs,striped,nylon,quick-release; adjustable
Blue/Black Stripe Tube Harness with Built-In Leash – Petopia,Animals & Pet Supplies > Pet Supplies > Pet Collars & Harnesses > Harnesses,"Give your dog a sleek, sporty look with Petopia’s Blue/Black Stripe Tube Harness featuring a built-in leash. Crafted from premium tubular nylon, it provides flexibility, strength, and breathability for ultimate comfort. The integrated leash ensures you’re always ready for walks without extra hassle. Its ergonomic design evenly distributes pressure, keeping your pet secure and strain-free. The dual-tone stripes add a touch of modern style while maintaining durability for long-term use.",,,Blue/Black Tube Harness with Built-In Leash | Durable & Stylish – Petopia,Size - S,565,1,500,dogs,striped,nylon,quick-release; adjustable
Black/White Stripe Tube Harness with Built-In Leash – Petopia,Animals & Pet Supplies > Pet Supplies > Pet Collars & Harnesses > Harnesses,"Smart design meets all-in-one convenience with Petopia’s Black/White Stripe Tube Harness. This harness comes with an integrated leash made from soft yet durable tubular nylon, ensuring strength and comfort in every walk. The striped pattern adds a classic look, while the lightweight structure prevents pulling or irritation. The built-in leash allows for quick outings without needing extra accessories, making it perfect for busy pet parents. Breathable, adjustable, and gentle on fur — it’s your go-to harness for effortless control and everyday use.",,,Black/White Tube Harness with Built-In Leash | Smart & Comfortable – Petopia,Size - S,565,0,500,dogs,striped,nylon,quick-release; adjustable
Petopia Designer Dog Leash – Red Bone Print,Animals & Pet Supplies > Pet Supplies > Pet Leashes > Standard Leashes,"Add a touch of fun to every outing with Petopia’s Red Bone Designer Dog Leash. Made from premium breathable cotton webbing, it’s soft on your hands yet strong enough for everyday use. The vivid red pattern with colorful bones makes it playful and bright. With a secure swivel hook and extra grip padding, this leash keeps you and your dog walking in comfort and confidence.",https://drive.google.com/file/d/1NSYHmPG_vyH07YKc7FO2dxVidjOtChZo/view?usp=drivesdk,,Red Bone Designer Dog Leash | Petopia Fun Style,Belt Width - 0.75 Inch,225,0,0,dogs,multicolor; geometric,cotton; fabric,washable
Petopia Designer Dog Leash – Tribal Red Star Pattern,Animals & Pet Supplies > Pet Supplies > Pet Leashes > Standard Leashes,"Celebrate craftsmanship with Petopia’s Tribal Red Star Designer Dog Leash. The earthy beige background and red tribal motifs make it a striking piece of wearable art. Made with cotton webbing and soft padding, it provides supreme comfort and durability. The strong metal clasp ensures control and security, while the design reflects cultural beauty with a modern touch.",https://drive.google.com/file/d/18t229tCfwWZKw0G1T5aPx1MbQKqvdHhJ/view?usp=drivesdk,,Tribal Red Designer Dog Leash | Petopia Heritage,Belt Width - 0.75 Inch,225,0,0,dogs,multicolor; geometric,cotton; fabric,washable
Teal Blue Light Round Rope Dog Leash with Metal Hook – Petopia,Animals & Pet Supplies > Pet Supplies > Pet Leashes > Standard Leashes,"Fresh and modern, Petopia’s Light Teal Blue Round Rope Dog Leash brings color and comfort together. Made from durable braided rope with a smooth, rounded feel, it ensures strong control and an easy grip. The high-grade metal clasp locks securely and resists rust. Perfect for daily walks or travel, it adds a cheerful touch to your pet’s look.",https://drive.google.com/file/d/1jCh9FxDWMh68hKMOLNJJeej5eLW0EuRu/view?usp=drivesdk,,Light Teal Blue Rope Dog Leash | Stylish & Durable – Petopia,Belt Width - 15 MM,190,0,0,dogs,sky-bue; blue,metal; nylon; plastic; synthetic,washable; weather-resistant; comfort-padding
Petopia Designer Dog Leash – Blue Bone Print,Animals & Pet Supplies > Pet Supplies > Pet Leashes > Standard Leashes,"Stand out in style with Petopia’s Geometric Red & Orange Designer Leash. Featuring vivid ethnic-inspired patterns, this leash adds vibrance to every outing. Made from premium cotton webbing with reinforced stitching and a padded grip, it ensures both comfort and security. Lightweight and easy to clean, it’s the ideal mix of practicality and bold design.",https://drive.google.com/file/d/12TjQgfeniGDFQDaKPYCO2xFGuVYX3VTe/view?usp=drivesdk,,Blue Bone Designer Dog Leash | Petopia Playful,Belt Width - 0.75 Inch,225,0,0,dogs,multicolor,cotton; fabric,washable
Petopia Designer Dog Leash – Geometric Red & Orange Pattern,Animals & Pet Supplies > Pet Supplies > Pet Leashes > Standard Leashes,"Stand out in style with Petopia’s Geometric Red & Orange Designer Leash. Featuring vivid ethnic-inspired patterns, this leash adds vibrance to every outing. Made from premium cotton webbing with reinforced stitching and a padded grip, it ensures both comfort and security. Lightweight and easy to clean, it’s the ideal mix of practicality and bold design.",https://drive.google.com/file/d/1CacJ1FBLw7WcfK5oVktjcq0NnfdOdwPk/view?usp=drivesdk,,Red & Orange Designer Dog Leash | Petopia Chic,Belt Width - 0.75 Inch,225,0,0,dogs,multicolor,cotton; fabric,washable
Teal Blue Dark Round Rope Dog Leash with Metal Hook – Petopia,Animals & Pet Supplies > Pet Supplies > Pet Leashes > Standard Leashes,"Elegant yet strong — Petopia’s Dark Teal Blue Round Rope Dog Leash is crafted for pets who love adventure in style. Its high-strength rope resists fraying, while the polished metal hook adds both security and sophistication. The round shape makes it easy to handle, reducing pressure on your hand during long walks. Lightweight, flexible, and weatherproof.",https://drive.google.com/file/d/125Fq-wWU5PS7L1oX-lPxAS4xtLrD08Fu/view?usp=drivesdk,,Dark Teal Blue Rope Dog Leash | Premium & Secure – Petopia,Belt Width - 15 MM,190,1,0,dogs,,metal; nylon; plastic,washable; weather-resistant; comfort-padding
Red Round Rope Dog Leash with Metal Hook – Petopia,Animals & Pet Supplies > Pet Supplies > Pet Leashes > Standard Leashes,"Bold and resilient, Petopia’s Red Round Rope Dog Leash is designed for strength and safety. The thick, woven rope offers excellent durability and control, while the metal hook ensures a firm, rust-resistant connection. Comfortable to hold and resistant to wear, it’s ideal for strong or active dogs. A leash that combines striking color with long-lasting quality.",https://drive.google.com/file/d/13HejQHhSjCqrCNICiLcWBTLBIokpGU7x/view?usp=drivesdk,,Red Rope Dog Leash | Bold & Strong – Petopia,Belt Width - 15 MM,190,1,0,dogs,,metal; nylon; plastic,washable; weather-resistant; comfort-padding
Petopia Designer Dog Leash – Multicolor Mosaic Pattern,Animals & Pet Supplies > Pet Supplies > Pet Leashes > Standard Leashes,"Add a splash of art to every walk with Petopia’s Multicolor Mosaic Designer Dog Leash. Made with durable, soft-touch cotton and a padded handle, it’s designed for lasting comfort and control. The colorful mosaic pattern gives a creative and modern vibe, while the anti-tangle clip ensures safety. Washable, lightweight, and fade-resistant, it’s a perfect blend of function and fashion.",https://drive.google.com/file/d/1ZsYxtOBkU36XzuG922quVlr7-ve0kb9a/view?usp=drivesdk,,Multicolor Designer Dog Leash | Petopia Artistic,Belt Width - 0.75 Inch,225,1,0,dogs,multicolor,cotton; fabric,washable
Peach Round Rope Dog Leash with Metal Hook – Petopia,Animals & Pet Supplies > Pet Supplies > Pet Leashes > Standard Leashes,"Soft, chic, and dependable — Petopia’s Peach Round Rope Dog Leash combines style with superior strength. The braided rope design ensures flexibility and control, while the premium metal hook provides strong, rust-resistant security. Gentle on your hands and tangle-free, it’s perfect for everyday use and pets who love comfort with flair.",https://drive.google.com/file/d/1HLIBGk-eKtdQ8toD9EgTnL-Fj-qMLp9l/view?usp=drivesdk,,Peach Rope Dog Leash | Soft & Durable – Petopia,Belt Width - 15 MM,190,0,0,dogs,,metal; nylon; plastic,washable; weather-resistant; comfort-padding
Grey Round Rope Dog Leash with Metal Hook – Petopia,Animals & Pet Supplies > Pet Supplies > Pet Leashes > Standard Leashes,"Modern, sleek, and tough — Petopia’s Grey Round Rope Dog Leash with Metal Hook is made for pet parents who love minimalist style and lasting quality. The high-strength nylon rope offers exceptional grip and durability, while the metal hook ensures secure fastening. Lightweight and easy to clean, this leash is built for daily use in all weather conditions.",https://drive.google.com/file/d/1E0s9SoKnUU8DiYayKcHPvPM_Ga0jDJQE/view?usp=drivesdk,,Grey Rope Dog Leash | Modern & Durable – Petopia,Belt Width - 15 MM,190,1,0,dogs,grey,metal; nylon; plastic,washable; weather-resistant; comfort-padding
Petopia Designer Dog Leash – Ethnic Blue & Red Pattern,Animals & Pet Supplies > Pet Supplies > Pet Leashes > Standard Leashes,"Petopia’s Ethnic Blue & Red Designer Dog Leash blends global-inspired design with premium craftsmanship. Made from soft woven cotton webbing, it provides gentle comfort while remaining durable and easy to handle. The vibrant red and blue ethnic pattern elevates your pet’s style, while the non-slip padded handle ensures comfort and control. Pair it with the matching harness or collar for the perfect ensemble",https://drive.google.com/file/d/18Svet8OCeVKnZ4dQYBEShrgljQVYa2Uh/view?usp=drivesdk,,Ethnic Designer Dog Leash | Petopia Premium Comfort,Belt Width - 0.75 Inch,225,1,0,dogs,multicolor,cotton; fabric,washable
Green Round Rope Dog Leash with Metal Hook – Petopia,Animals & Pet Supplies > Pet Supplies > Pet Leashes > Standard Leashes,"Adventure-ready and durable, Petopia’s Green Round Rope Dog Leash is made from heavy-duty braided rope built to handle strong pulls. The ergonomic round design provides a soft grip, while the solid metal hook ensures your pet stays secure. Its flexible, lightweight build allows for easy handling, making it ideal for both training and outdoor walks.",https://drive.google.com/file/d/1hd3ZNIM_s3lkSPOqNkaaFrrCGWoo_eof/view?usp=drivesdk,,Green Rope Dog Leash | Durable & Comfortable – Petopia,Belt Width - 15 MM,190,1,0,dogs,green,metal; nylon; plastic,washable; weather-resistant; comfort-padding
Blue Round Rope Dog Leash with Metal Hook – Petopia,Animals & Pet Supplies > Pet Supplies > Pet Leashes > Standard Leashes,"Strong, stylish, and built for comfort — Petopia’s Blue Round Rope Dog Leash with Metal Hook is a perfect balance of durability and design. The smooth braided rope is flexible yet sturdy, giving you reliable control without hand strain. The metallic clasp ensures a secure connection, and the vibrant blue tone adds a sleek finish. Water-resistant and easy to clean, it’s ideal for dogs of all sizes.",https://drive.google.com/file/d/17rnOBjyljCjaaKfk0bamYhZY7zvufM16/view?usp=drivesdk,,Blue Rope Dog Leash | Strong & Stylish – Petopia,Belt Width - 15 MM,190,1,0,dogs,blue,metal; nylon; plastic,washable; weather-resistant
Petopia Designer Dog Leash – Red Floral Pattern,Animals & Pet Supplies > Pet Supplies > Pet Leashes > Standard Leashes,"Turn every walk into a statement with Petopia’s Red Floral Designer Leash. Designed using high-quality cotton webbing and extra padding for hand comfort, it blends strength with style. The floral print adds vibrant charm, while the durable clasp ensures safety and control. Lightweight and fade-resistant, it’s perfect for long strolls and weekend adventures with your furry friend.",https://drive.google.com/file/d/1bzOnnJGxs52P2fBATJhOJJ2EXNiQnFJd/view?usp=drivesdk,,Red Floral Designer Dog Leash | Petopia Luxury,Belt Width - 0.75 Inch,225,1,0,dogs,multicolor,cotton; fabric,washable
Black Round Rope Dog Leash with Metal Hook – Petopia,Animals & Pet Supplies > Pet Supplies > Pet Leashes > Standard Leashes,"Petopia’s Black Round Rope Dog Leash with Metal Hook is designed for pet parents who value strength and sophistication. Made from premium woven rope, it offers a firm yet flexible grip, ensuring control during every walk. The high-quality metal hook is rust-resistant and provides secure attachment to your dog’s collar or harness. Its round rope construction prevents tangling and adds extra durability. Perfect for daily walks, training, or travel — this leash combines function and style effortlessly.",https://drive.google.com/file/d/1ySbHiFzSZOtXks4lTGv9QRd7FhoeH1Cn/view?usp=drivesdk,,Black Rope Dog Leash | Durable Round Design – Petopia,Belt Width - 15 MM,190,1,0,dogs,black,metal; nylon,
Petopia Designer Dog Leash – Geometric Diamond Print,Animals & Pet Supplies > Pet Supplies > Pet Leashes > Standard Leashes,"Brighten your walks with Petopia’s Geometric Diamond Designer Leash, inspired by artisan patterns. This leash combines soft, breathable cotton webbing with a padded ergonomic handle for ultimate comfort. Its red and orange diamond motifs over a beige base exude modern ethnic charm. Reinforced stitching and a strong metal clasp ensure dependable durability — perfect for stylish dogs and owners alike.",https://drive.google.com/file/d/1y3DvY8VciepCqfiG2UTXEiJl1puyb0bw/view?usp=drivesdk,,Geometric Designer Dog Leash | Petopia Premium,Belt Width - 0.75 Inch,225,1,0,dogs,multicolor,cotton; fabric,washable
Yellow Zigzag Rope Dog Leash – Petopia,Animals & Pet Supplies > Pet Supplies > Pet Leashes > Standard Leashes,"Bright, cheerful, and built for comfort — Petopia’s Yellow Zigzag Rope Dog Leash makes every walk a happy one. Crafted from premium rope with a zigzag design, it offers strength without stiffness. The padded handle prevents hand fatigue, and the durable clasp ensures your dog stays secure. Weather-resistant and easy to wash, it’s your everyday go-anywhere leash.",https://drive.google.com/file/d/1xfmdtLOfB5P4EbqPTX1bzPr4HdO3SGs5/view?usp=drivesdk,,Yellow Rope Dog Leash | Bright & Comfortable – Petopia,Belt Width - 6 MM,75,0,200,dogs,geometric,nylon; metal; polyester; synthetic; stainless-steel,weather-resistant; washable; comfort-padding; reflective
Petopia Designer Dog Leash – Camouflage Print,Animals & Pet Supplies > Pet Supplies > Pet Leashes > Standard Leashes,"Adventure meets luxury with Petopia’s Camouflage Designer Dog Leash. Crafted from premium cotton blend fabric, this leash is lightweight yet built to last. Its padded handle offers a soft, secure grip, while the swivel hook ensures smooth, tangle-free walks. The camouflage pattern adds a rugged outdoor touch, perfect for pets who love exploring. Pair it with Petopia’s matching Camouflage Harness or Collar for a complete adventure-ready set.",https://drive.google.com/file/d/1bMGtuoKXp6kqxCXLp7UxrWIuXgldEZ12/view?usp=drivesdk,,Camouflage Designer Dog Leash | Petopia Adventure,Belt Width - 0.75 Inch,225,1,0,dogs,multicolor; camouflage,cotton; fabric,washable
Petopia Designer Dog Leash – Black & White Zigzag Pattern,Animals & Pet Supplies > Pet Supplies > Pet Leashes > Standard Leashes,"Walk in confidence and comfort with Petopia’s Black & White Zigzag Designer Leash. Made from high-strength cotton webbing with a padded handle, it ensures a comfortable grip for pet parents and irritation-free wear for dogs. The modern zigzag design adds a stylish twist to your walks, while the heavy-duty swivel clasp prevents tangling. Lightweight, durable, and fashion-forward — this leash pairs perfectly with Petopia’s Zigzag Harness or Collar for a complete look.",https://drive.google.com/file/d/1tNM4CZWUJXbttzunnSJd7xKsTyWtkxUW/view?usp=drivesdk,,Black & White Designer Dog Leash | Petopia Modern,Belt Width - 0.75 Inch,225,5,0,dogs,black; white; multicolor,cotton,washable
Red Zigzag Rope Dog Leash – Petopia,Animals & Pet Supplies > Pet Supplies > Pet Leashes > Standard Leashes,"Bold and confident — Petopia’s Red Zigzag Rope Dog Leash stands out for both style and durability. Its thick braided nylon rope provides excellent control and long-lasting use. The zigzag weave prevents tangling and adds visual flair, while the padded grip ensures comfort during walks. A must-have for strong, energetic pets.",https://drive.google.com/file/d/1EEGu9FgCtt7sZ2krYBUC_HsnOMk9x-WH/view?usp=drivesdk,,Red Rope Dog Leash | Bold & Durable – Petopia,Belt Width - 6 MM,75,1,200,dogs,geometric,nylon; metal; polyester; synthetic; stainless-steel,weather-resistant; washable; comfort-padding; reflective
Orange Zigzag Rope Dog Leash – Petopia,Animals & Pet Supplies > Pet Supplies > Pet Leashes > Standard Leashes,"Vibrant, tough, and full of energy — Petopia’s Orange Zigzag Rope Dog Leash combines color and strength. Crafted from thick, multi-strand nylon rope with a zigzag weave, it’s built to handle daily wear and heavy pulling. The cushioned handle offers comfort and control, while the stainless-steel clasp ensures safety. Easy to clean, quick-dry, and perfect for all-weather use.",https://drive.google.com/file/d/17NtrHLPbjNTX10ZuRv2eP1UcsTLh8Fyw/view?usp=drivesdk,,Orange Rope Dog Leash | Bright & Durable – Petopia,Belt Width - 6 MM,75,1,200,dogs,geometric; orange,nylon; metal; polyester; synthetic; stainless-steel,weather-resistant; washable; comfort-padding; reflective
Neon Green Zigzag Rope Dog Leash – Petopia,Animals & Pet Supplies > Pet Supplies > Pet Leashes > Standard Leashes,"Stay visible and stylish with Petopia’s Neon Green Zigzag Rope Dog Leash. Built from reflective braided rope, it ensures safety during night walks. The ergonomic padded handle provides a soft, secure hold, while the reinforced clasp keeps your dog safely leashed. Lightweight, flexible, and resistant to wear — perfect for active dogs who love outdoor fun.",https://drive.google.com/file/d/1lIIzOwkUpA2tc85gZUiaOJ70iW4o-N5u/view?usp=drivesdk,,Neon Green Rope Dog Leash | Reflective & Strong – Petopia,Belt Width - 6 MM,75,1,200,dogs,geometric; green,nylon; metal; polyester; synthetic,weather-resistant; washable; comfort-padding; reflective
Blue Zigzag Rope Dog Leash – Petopia,Animals & Pet Supplies > Pet Supplies > Pet Leashes > Standard Leashes,"Add a touch of calm strength with Petopia’s Blue Zigzag Rope Dog Leash. Made from ultra-strong woven rope featuring a stylish zigzag texture, it combines resilience with flexibility. The soft padded handle offers all-day comfort, while the rust-free clasp ensures reliable control. Perfect for medium to large breeds, this leash delivers both premium style and performance.",https://drive.google.com/file/d/1DrxJpp22ewFQQMe8-PHwWqt1RBrU67r1/view?usp=drivesdk,,Blue Rope Dog Leash | Strong & Comfortable – Petopia,Belt Width - 6 MM,75,1,200,dogs,blue; geometric,nylon; metal; polyester; synthetic,weather-resistant; washable; comfort-padding
Black Zigzag Rope Dog Leash – Petopia,Animals & Pet Supplies > Pet Supplies > Pet Leashes > Standard Leashes,"Strong, stylish, and reliable — Petopia’s Black Zigzag Rope Dog Leash is built for maximum control and comfort. Crafted from premium woven rope with a distinctive zigzag pattern, it offers a superior grip and tensile strength. The padded handle ensures a soft, non-slip hold during walks, while the heavy-duty metal clip keeps your pet securely fastened. Designed to resist fraying and weather damage, it’s ideal for both city strolls and outdoor adventures.",https://drive.google.com/file/d/150H12oBCmS-4YppEw2c4786qco14JOW4/view?usp=drivesdk,,Black Rope Dog Leash | Durable Zigzag Design – Petopia,Belt Width - 6 MM,75,0,200,dogs,black,nylon; metal,weather-resistant; washable
Petopia Designer Dog Harness – Black & White Zigzag Print,Animals & Pet Supplies > Pet Supplies > Pet Collars & Harnesses > Harnesses,"Minimalist yet striking, Petopia’s Black & White Zigzag Designer Dog Harness is the definition of modern pet fashion. The dual-layer cotton design with soft inner padding provides unmatched comfort and flexibility. Its monochrome zigzag print adds contemporary flair while ensuring lightweight durability. The harness offers an ergonomic fit that distributes pressure evenly, making walks safe, stylish, and comfortable for your pet.",https://drive.google.com/file/d/1mf4xb4bTEPXOLvQW5CpOGofNLsJKq-JS/view?usp=drivesdk,,Black & White Designer Dog Harness | Petopia Modern Fit,Accessory size - s,350,0,250,dogs,multicolor; geometric; black; white,cotton,comfort-padding; quick-release; washable; adjustable
Pink Double Layer Nylon Dog Leash – Petopia,Animals & Pet Supplies > Pet Supplies > Pet Leashes > Standard Leashes,"Add a touch of charm to your daily walks with Petopia’s Pink Double Layer Nylon Dog Leash. The reinforced dual-layer construction provides unmatched durability, while the soft padded handle ensures comfort for your hands. Lightweight yet sturdy, this leash is perfect for stylish pups who love comfort, color, and quality.",https://drive.google.com/file/d/1Ek7f4IVX_PCHh7paJAlUcQktpANf3bqB/view?usp=drivesdk,,Pink Nylon Dog Leash | Cute & Durable – Petopia,Belt Width - 0.75 Inch,395,1,300,dogs,striped; pink,nylon; metal,weather-resistant; washable; comfort-padding
Olive Green Double Layer Nylon Dog Leash – Petopia,Animals & Pet Supplies > Pet Supplies > Pet Leashes > Standard Leashes,"Inspired by nature, Petopia’s Olive Green Double Layer Nylon Dog Leash offers rugged durability with understated elegance. The dual nylon layers provide incredible strength and flexibility, while the ergonomic padded handle ensures a soft, secure hold. Built for daily adventures, it’s resistant to water, dirt, and odor — the perfect leash for outdoor lovers.",https://drive.google.com/file/d/1EHlXITqO2vIW7SkUW0nBdhEluxbkUnAs/view?usp=drivesdk,,Olive Green Nylon Dog Leash | Rugged & Comfortable – Petopia,Belt Width - 0.75 Inch,395,0,300,dogs,green,nylon; metal,weather-resistant; washable; comfort-padding
Petopia Designer Dog Harness – Ethnic Blue & Red Pattern,Animals & Pet Supplies > Pet Supplies > Pet Collars & Harnesses > Harnesses,"Give your pet a taste of global style with Petopia’s Ethnic Blue & Red Designer Harness. Crafted from cotton webbing with soft inner padding, this harness provides all-day comfort with cultural charm. The eye-catching ethnic pattern combines shades of red, blue, and beige for a truly designer finish. Lightweight yet durable, it’s ideal for walks, playdates, and outdoor adventures where fashion meets function.",https://drive.google.com/file/d/1ukNbd4Vi3iFAft70O32a2f9ynN13CcBU/view?usp=drivesdk,,Ethnic Designer Dog Harness | Petopia Premium Comfort,Accessory size - s,350,0,250,dogs,multicolor; geometric,cotton,comfort-padding; quick-release; washable; adjustable
Neon Orange Double Layer Nylon Dog Leash – Petopia,Animals & Pet Supplies > Pet Supplies > Pet Leashes > Standard Leashes,"Bright and bold, Petopia’s Neon Orange Double Layer Nylon Dog Leash is designed for both visibility and toughness. The high-strength nylon weave resists wear and tear, while the padded handle ensures comfort for long walks. The reflective fibers enhance safety during early morning or evening strolls. Washable, lightweight, and made to last.",https://drive.google.com/file/d/1S2t7fXoXFbfwbiPfpk9DIXBnR76KBXOO/view?usp=drivesdk,,Neon Orange Nylon Dog Leash | Bright & Safe – Petopia,Belt Width - 0.75 Inch,395,0,300,dogs,,nylon; metal,weather-resistant; washable; comfort-padding
Petopia Designer Dog Harness – Red Floral Print,Animals & Pet Supplies > Pet Supplies > Pet Collars & Harnesses > Harnesses,"Chic and vibrant, Petopia’s Red Floral Designer Dog Harness adds a playful twist to your dog’s wardrobe. The padded cotton straps offer gentle comfort, while the breathable mesh lining prevents overheating during long walks. With its striking red floral pattern and durable design, it’s perfect for everyday adventures or special outings. Soft, secure, and absolutely stunning — made for pets who love to be noticed.",https://drive.google.com/file/d/1FzlD-i27SayQCmKuuCS3EQsJczY4DoGI/view?usp=drivesdk,,Red Floral Designer Dog Harness | Petopia Luxury Comfort,Accessory size - s,350,1,250,dogs,multicolor,cotton,comfort-padding; quick-release; washable
Neon Green Double Layer Nylon Dog Leash – Petopia,Animals & Pet Supplies > Pet Supplies > Pet Leashes > Standard Leashes,"Keep your dog visible and stylish with Petopia’s Neon Green Double Layer Nylon Dog Leash. The dual-woven reflective nylon provides both safety and strength, ideal for nighttime or outdoor adventures. Its soft padded handle prevents strain, while the durable hardware ensures long-term reliability. Perfect for energetic dogs and daily walkers alike.",https://drive.google.com/file/d/1Alvlu7iBvT6o57WcdMXNSEZAT60HYmnf/view?usp=drivesdk,,Neon Green Nylon Dog Leash | Reflective & Strong – Petopia,Belt Width - 0.75 Inch,395,1,300,dogs,,nylon; metal,weather-resistant; washable; comfort-padding
Maroon Double Layer Nylon Dog Leash – Petopia,Animals & Pet Supplies > Pet Supplies > Pet Leashes > Standard Leashes,"Rich, elegant, and exceptionally strong — Petopia’s Maroon Double Layer Nylon Dog Leash brings durability with a premium look. Crafted from tightly woven dual nylon layers, it’s tear-resistant and gentle to hold. The sturdy clasp ensures a firm connection, and the color-fast fabric stays vibrant even after heavy use. Designed for pet parents who appreciate both quality and style.",https://drive.google.com/file/d/1rwukR5sA0fGyQsYBDWZlVPeByngxL2Le/view?usp=drivesdk,,Maroon Nylon Dog Leash | Elegant & Durable – Petopia,Belt Width - 0.75 Inch,395,0,300,dogs,,nylon; metal,weather-resistant; washable; comfort-padding
Petopia Designer Dog Harness – Tribal Red Star Print,Animals & Pet Supplies > Pet Supplies > Pet Collars & Harnesses > Harnesses,"Bold and bohemian, Petopia’s Tribal Red Star Designer Harness celebrates heritage patterns with modern comfort. The red and beige tribal-inspired print is made from durable cotton fabric, lined with soft breathable padding for your dog’s comfort. Its strong yet flexible build ensures freedom of movement while keeping your pet secure. Ideal for stylish dogs who love standing out while staying cool and comfortable.",https://drive.google.com/file/d/1sbU48cRJiYdXbi338Fxcimd2pcUMuzMV/view?usp=drivesdk,,Tribal Red Designer Dog Harness | Petopia Ethnic Style,Accessory size - s,350,0,250,dogs,multicolor,cotton,comfort-padding; quick-release; washable
Blue Double Layer Nylon Dog Leash – Petopia,Animals & Pet Supplies > Pet Supplies > Pet Leashes > Standard Leashes,"Walk in confidence with Petopia’s Blue Double Layer Nylon Dog Leash. Its vibrant hue pairs beautifully with strength and reliability, thanks to the dual-layer reinforced nylon structure. The smooth padded handle prevents hand strain during long walks, while the rust-free clasp keeps your dog safely tethered. Lightweight, quick-dry, and made to last through all weather conditions.",https://drive.google.com/file/d/1v7oQMsFflfGcNKR98EbUMJSGYKzCfrqN/view?usp=drivesdk,,Blue Nylon Dog Leash | Strong & Stylish – Petopia,Belt Width - 0.75 Inch,395,0,300,dogs,blue,nylon; metal,weather-resistant; washable; comfort-padding
Black Double Layer Nylon Dog Leash – Petopia,Animals & Pet Supplies > Pet Supplies > Pet Leashes > Standard Leashes,"Classic, strong, and dependable — Petopia’s Black Double Layer Nylon Dog Leash is your go-to for everyday walks. Designed with reinforced dual-layer nylon webbing, it delivers maximum strength while remaining flexible in hand. The padded handle ensures a soft, slip-free grip, and the rust-resistant metal clasp provides superior security. Ideal for both large and small breeds, it’s the perfect blend of style and performance.",https://drive.google.com/file/d/1zpXijR5SzZ_GG3L9d95eDyfvz2BUXiyH/view?usp=drivesdk,,Black Nylon Dog Leash | Durable & Comfortable – Petopia,Belt Width - 0.75 Inch,395,0,300,dogs,black,nylon; metal,weather-resistant; washable; comfort-padding
Petopia Designer Dog Harness – Multicolor Abstract Print,Animals & Pet Supplies > Pet Supplies > Pet Collars & Harnesses > Harnesses,"Vibrant, playful, and full of life – Petopia’s Multicolor Abstract Designer Harness turns walks into a style statement. Designed with breathable cotton padding and flexible webbing, it ensures a snug, comfortable fit. The abstract splash of rainbow hues gives this harness a premium designer feel, while the anti-pull ergonomic design provides gentle control without choking. Perfect for pets who love color and personality as much as comfort.",https://drive.google.com/file/d/1anoSgpDlGAlmE1wMc4RJeCLYuUgooTkf/view?usp=drivesdk,,Multicolor Designer Dog Harness | Petopia Artistic Fit,Accessory size - s,350,1,250,dogs,multicolor,cotton,comfort-padding; quick-release; washable
Beige Double Layer Nylon Dog Leash – Petopia,Animals & Pet Supplies > Pet Supplies > Pet Leashes > Standard Leashes,"Add subtle sophistication to your daily walks with Petopia’s Beige Double Layer Nylon Dog Leash. Crafted from two layers of high-density nylon, it’s built to handle strong pulls without fraying or stretching. The soft inner lining ensures a comfortable grip for you, while the heavy-duty metal hook keeps your pet secure. Lightweight yet incredibly durable, this leash is weather-resistant and easy to clean. Perfect for pets who enjoy style and function in one.",https://drive.google.com/file/d/1_B-KviA3wVPP0ksau6m-J5yoCdRIRckB/view?usp=drivesdk,,Beige Nylon Dog Leash | Double Layer Strength – Petopia,Belt Width - 0.75 Inch,395,1,300,dogs,beige,nylon; metal,weather-resistant; washable
Petopia Designer Dog Harness – Geometric Diamond Print,Animals & Pet Supplies > Pet Supplies > Pet Collars & Harnesses > Harnesses,"Add a pop of pattern to your pet’s wardrobe with Petopia’s Geometric Diamond Designer Harness. Crafted with soft padded cotton and reinforced stitching, it’s built for durability and everyday comfort. The beige base with red and black geometric patterns exudes a modern ethnic vibe. Its lightweight, breathable design keeps your dog cool, while the sturdy hardware ensures safe, controlled walks. This harness is perfect for pets who enjoy attention and elegance.",https://drive.google.com/file/d/1c8XdaH-XUZ_kxVPtDQzkiz9SzqSugB5T/view?usp=drivesdk,,Geometric Designer Dog Harness | Petopia Modern Style,Accessory size - s,350,1,250,dogs,camouflage,cotton,comfort-padding; quick-release; washable
Petopia Designer Dog Harness – Camouflage Print,Animals & Pet Supplies > Pet Supplies > Pet Collars & Harnesses > Harnesses,"Let your adventurous pup step out in bold confidence with Petopia’s Camouflage Designer Dog Harness. Made from premium cotton webbing with soft inner padding, it provides superior comfort and flexibility. The military-inspired camouflage design adds a rugged yet stylish touch, perfect for dogs who love the outdoors. With durable buckles, breathable fabric, and an ergonomic fit that reduces neck strain, this harness ensures your dog stays secure and stylish on every adventure.",https://drive.google.com/file/d/1HF4RpNknaVwwRShBQgt4exBEeFEnQDWb/view?usp=drivesdk,,Camouflage Designer Dog Harness | Petopia Adventure Fit,Accessory size - s,350,1,250,dogs,camouflage,cotton,comfort-padding; quick-release; washable
Teal Blue Strong Polymer Fabric Dog Harness – Petopia,Animals & Pet Supplies > Pet Supplies > Pet Collars & Harnesses > Harnesses,"Modern, cool, and resilient — Petopia’s Teal Blue Strong Polymer Fabric Dog Harness offers the perfect balance of comfort and style. The flexible polymer weave ensures strength without bulk, while the inner padding keeps your dog comfortable all day. Resistant to odor, water, and stains — it’s perfect for both city walks and outdoor fun.",https://drive.google.com/file/d/16y_Lpt4Muu5O53IqDy6ishs_Vgyvb8rn/view?usp=drivesdk,,Teal Blue Polymer Dog Harness | Stylish & Strong – Petopia,Size - Small,175,1,0,dogs,blue,nylon; polyester; plastic; synthetic,comfort-padding; washable; weather-resistant; adjustable; quick-release; reflective
Red Strong Polymer Fabric Dog Harness – Petopia,Animals & Pet Supplies > Pet Supplies > Pet Collars & Harnesses > Harnesses,"Turn heads with Petopia’s Red Strong Polymer Fabric Dog Harness. Designed with heavy-duty polymer fabric, it provides excellent strength, flexibility, and long-lasting comfort. The vivid red color enhances visibility, while the ergonomic design ensures a secure and easy fit. Ideal for both training and everyday wear.",https://drive.google.com/file/d/1F35OHsF1-2S2zyZJZ3MaCfFjU3TZ1Rrv/view?usp=drivesdk,,Red Polymer Dog Harness | Bold & Comfortable – Petopia,Size - Small,175,1,0,dogs,orange,nylon; polyester; plastic; synthetic,comfort-padding; washable; weather-resistant; adjustable; quick-release; reflective
Orange Strong Polymer Fabric Dog Harness – Petopia,Animals & Pet Supplies > Pet Supplies > Pet Collars & Harnesses > Harnesses,"Vibrant, bold, and built for safety — Petopia’s Orange Strong Polymer Dog Harness adds color and confidence to every walk. Made from tear-resistant polymer material, it offers excellent control without compromising comfort. Breathable mesh padding and quick-drying fabric make it ideal for active pets.",https://drive.google.com/file/d/1MZQFWmfXWBWsnkxiYUwwc0slotS3BUx3/view?usp=drivesdk,,Orange Polymer Dog Harness | Bright & Durable – Petopia,Size - Small,175,0,0,dogs,orange,nylon; polyester; plastic; synthetic,comfort-padding; washable; weather-resistant; adjustable; quick-release; reflective
Off White Strong Polymer Fabric Dog Harness – Petopia,Animals & Pet Supplies > Pet Supplies > Pet Collars & Harnesses > Harnesses,"Minimalist elegance meets maximum strength in Petopia’s Off White Strong Polymer Dog Harness. Crafted from premium polymer fabric, it’s sturdy, flexible, and luxuriously smooth. The breathable padding reduces heat build-up, while the neutral tone adds a refined touch to your pet’s look. Ideal for everyday use and easy to wash clean.",,,Off White Polymer Dog Harness | Elegant & Durable – Petopia,Size - Small,175,1,0,dogs,white,nylon; polyester; plastic; synthetic,comfort-padding; washable; weather-resistant; adjustable; quick-release; reflective
Neon Green Strong Polymer Fabric Dog Harness – Petopia,Animals & Pet Supplies > Pet Supplies > Pet Collars & Harnesses > Harnesses,"Stay visible, stay stylish! Petopia’s Neon Green Strong Polymer Fabric Dog Harness ensures high visibility and safety during night or outdoor walks. The reflective polymer fibers enhance visibility, while the soft, padded design keeps your dog comfortable. Waterproof, easy to clean, and made to handle rough use.",https://drive.google.com/file/d/17z-Zke94t-tVnXdbGqwRnV0mhqE544HU/view?usp=drivesdk,,Neon Green Polymer Dog Harness | Reflective & Safe – Petopia,Size - Small,175,1,0,dogs,green; green-1; yellow,nylon; polyester; plastic; synthetic,comfort-padding; washable; weather-resistant; adjustable; quick-release; reflective
Navy Blue Strong Polymer Fabric Dog Harness – Petopia,Animals & Pet Supplies > Pet Supplies > Pet Collars & Harnesses > Harnesses,"Sophisticated and durable, Petopia’s Navy Blue Strong Polymer Fabric Dog Harness combines function with flair. The high-tensile polymer material provides unmatched durability, while the smooth mesh padding offers comfort and breathability. Adjustable straps and easy-clip buckles ensure a secure fit. Perfect for active dogs who love comfort and control.",https://drive.google.com/file/d/17I_4UGSLyLVSKRbKtDainAVRwYIfH5TG/view?usp=drivesdk,,Navy Blue Polymer Dog Harness | Premium & Secure – Petopia,Size - Small,175,1,0,dogs,blue,nylon; polyester; plastic; synthetic,comfort-padding; washable; weather-resistant; adjustable; quick-release
Navy Blue Premium Comfort Dog Harness,Animals & Pet Supplies > Pet Supplies > Pet Collars & Harnesses > Harnesses,"Classic and confident, Petopia’s Navy Blue Premium Comfort Dog Harness combines durable cotton webbing with plush padding for lasting comfort. The breathable mesh lining prevents overheating and irritation, making it ideal for long wear. Adjustable straps allow a custom fit for maximum mobility and safety. The rich blue hue gives your pet a polished, sporty look that stands out wherever you go. A perfect choice for style, comfort, and security in one.",https://drive.google.com/file/d/1CyZI-nUqC4oT4XKArNGTaLDoStf9yZqK/view?usp=drivesdk,,Navy Blue Dog Harness | Petopia Comfort & Control,Accessory size - xl,1475,1,500,dogs,black; blue,nylon; cotton; mesh; fabric,comfort-padding; adjustable; quick-release; washable
Sky Blue Premium Comfort Dog Harness,Animals & Pet Supplies > Pet Supplies > Pet Collars & Harnesses > Harnesses,"Soft, calming, and beautifully designed — Petopia’s Sky Blue Premium Comfort Harness offers unmatched comfort with dual-padded cotton straps and an airy mesh underlayer. The ergonomic build evenly distributes pressure, reducing pull tension on your dog’s chest and neck. Its lightweight, breathable material keeps your dog cool and relaxed, even in warmer weather. The gentle sky blue tone adds a refreshing, elegant look, perfect for stylish pups with a gentle spirit.",https://drive.google.com/file/d/1vvbg7VMnGnRitvpkE78hDwxdGfpbLP42/view?usp=drivesdk,,Sky Blue Dog Harness | Petopia Soft Support,Accessory size - xl,1475,1,500,dogs,black; sky-bue,nylon; cotton; mesh; fabric,comfort-padding; adjustable; quick-release; washable
Orange Premium Comfort Dog Harness,Animals & Pet Supplies > Pet Supplies > Pet Collars & Harnesses > Harnesses,"Bright, strong, and full of energy — Petopia’s Orange Premium Comfort Harness is made for dogs who love adventure. Featuring breathable cotton padding with soft mesh lining, it minimizes pulling strain while offering cushioned support. The adjustable chest and neck straps ensure a secure fit for all body types. Its high-visibility orange shade enhances safety during evening walks, while the sleek black hardware adds a modern contrast. Built for comfort and confidence on every journey.",https://drive.google.com/file/d/1y9rclUA0kH7PmqJZn7mF29p0LaG-kECs/view?usp=drivesdk,,Orange Dog Harness | Petopia Adventure Fit,Accessory size - xl,1475,1,500,dogs,orange; black,nylon; cotton; mesh; fabric,comfort-padding; adjustable; quick-release; washable
Light Green Strong Polymer Fabric Dog Harness – Petopia,Animals & Pet Supplies > Pet Supplies > Pet Collars & Harnesses > Harnesses,"Bring a touch of freshness to your dog’s gear with Petopia’s Light Green Strong Polymer Dog Harness. Its breathable polymer weave offers flexibility and lasting comfort, while the lightweight structure ensures easy movement. The color-fast material stays bright after multiple washes, making it perfect for regular use. Adjustable straps provide a secure and custom fit for all breeds.",https://drive.google.com/file/d/1s4-0KEj1i9ibvcIkvIjwi1KITz8rHR5F/view?usp=drivesdk,,Light Green Polymer Dog Harness | Lightweight & Flexible – Petopia,Size - Small,175,0,0,dogs,green,nylon; polyester; plastic; synthetic,comfort-padding; washable; weather-resistant; adjustable
Dark Green Strong Polymer Fabric Dog Harness – Petopia,Animals & Pet Supplies > Pet Supplies > Pet Collars & Harnesses > Harnesses,"Adventure-ready and stylish, Petopia’s Dark Green Strong Polymer Dog Harness offers unmatched resilience and comfort. Made from weather-proof polymer fabric, it withstands pulling, moisture, and dirt with ease. The inner lining keeps your dog cool and comfortable, while the secure buckle system ensures a perfect fit. Ideal for hikes, walks, and outdoor play.",https://drive.google.com/file/d/1_br2X3mwiszFPWyFsUIVDnQSmWd9UUZQ/view?usp=drivesdk,,Dark Green Polymer Dog Harness | Outdoor-Ready & Durable – Petopia,Size - Small,175,0,0,dogs,green,nylon; polyester; plastic; synthetic,comfort-padding; washable; weather-resistant
Brown Strong Polymer Fabric Dog Harness – Petopia,Animals & Pet Supplies > Pet Supplies > Pet Collars & Harnesses > Harnesses,"Reliable, earthy, and tough — Petopia’s Brown Strong Polymer Fabric Dog Harness is built to last through every journey. The reinforced polymer weave provides exceptional strength while keeping the harness lightweight and soft against your dog’s skin. The padded chest strap evenly distributes pressure to reduce strain during walks. Easy to adjust, quick-drying, and perfect for all-day wear.",https://drive.google.com/file/d/1vIvWG921TmzZBEc_Kts36NklOr-hNnzg/view?usp=drivesdk,,Brown Polymer Dog Harness | Rugged & Lightweight – Petopia,Size - Small,175,1,0,dogs,black; grey,nylon; polyester; plastic,comfort-padding; washable; weather-resistant
Black Strong Polymer Fabric Dog Harness – Petopia,Animals & Pet Supplies > Pet Supplies > Pet Collars & Harnesses > Harnesses,"Unmatched strength meets timeless style in Petopia’s Black Strong Polymer Fabric Dog Harness. Crafted with high-density polymer material, it offers incredible durability and a flexible fit that moves naturally with your dog. The inner mesh padding ensures breathability and prevents chafing, making it perfect for daily walks or training. Weather-resistant and easy to clean, this harness is ideal for dogs that love adventure and comfort in equal measure.",https://drive.google.com/file/d/1JcMZt0TPbQ8fKL7invwdREuowrc6r_aZ/view?usp=drivesdk,,Black Polymer Dog Harness | Durable & Comfortable – Petopia,Size - Small,175,1,0,dogs,black; grey,nylon; polyester; plastic,comfort-padding; washable; weather-resistant
Olive Yellow Premium Comfort Dog Harness,Animals & Pet Supplies > Pet Supplies > Pet Collars & Harnesses > Harnesses,"Give your dog a harness that combines strength, comfort, and breathable design with Petopia’s Olive Yellow Premium Comfort Harness. Crafted with padded cotton straps and soft mesh lining, it reduces pressure on the chest and shoulders for maximum comfort. The lightweight yet durable structure ensures ease of movement, while the earthy green tone adds a classy, nature-inspired look. Perfect for long walks, hikes, and outdoor play where control meets comfort.",https://drive.google.com/file/d/1xsIyX1c7M0JxdVUunmREJviAKmSVkUt_/view?usp=drivesdk,,Olive Yellow Dog Harness | Petopia Soft Fit,Accessory size - xl,1475,1,500,dogs,olive-yellow,nylon; cotton; mesh; fabric,comfort-padding; adjustable; quick-release; washable
Red & Black Premium Comfort Dog Harness,Animals & Pet Supplies > Pet Supplies > Pet Collars & Harnesses > Harnesses,"Turn every walk into a confident stride with Petopia’s Red & Black Premium Comfort Harness. Designed with dual-layer cotton padding and breathable mesh lining, it ensures your dog stays cool, supported, and irritation-free even during long wear. The adjustable straps provide a snug yet flexible fit, while reinforced stitching adds strength for active dogs. The vibrant red color enhances visibility for safety and adds a bold, energetic touch to your pet’s look. Ideal for daily walks, training sessions, or outdoor adventures.",https://drive.google.com/file/d/1ytnJ8kyLHqrnrjP8imsaB2F6Hxnu92HP/view?usp=drivesdk,,,Accessory size - l,1400,4,500,dogs,striped; red; black; multicolor; white,nylon; cotton; mesh,comfort-padding; adjustable; quick-release
Yellow Strong Nylon Dog Harness – Petopia,Animals & Pet Supplies > Pet Supplies > Pet Collars & Harnesses > Harnesses,"Bright, cheerful, and strong — Petopia’s Yellow Strong Nylon Dog Harness adds sunshine to every outing. Made from durable, high-tensile nylon with soft inner padding, it offers unmatched comfort and longevity. The color remains vibrant even after repeated washes, and the harness is designed for an easy, slip-on fit. Perfect for everyday walks and outdoor fun.",https://drive.google.com/file/d/1N7axw1oXOX6P9gat918y3iOXirrB8QCg/view?usp=drivesdk,,Yellow Nylon Dog Harness | Bright & Strong – Petopia,Harness Belt Width - 0.75 Inch,550,1,0,dogs,yellow,nylon; metal; mesh; synthetic; plastic,adjustable; comfort-padding; washable; weather-resistant
Red Strong Nylon Dog Harness – Petopia,Animals & Pet Supplies > Pet Supplies > Pet Collars & Harnesses > Harnesses,"Make every walk bold with Petopia’s Red Strong Nylon Dog Harness. Built with premium nylon webbing, this harness ensures both comfort and control. The vibrant red hue enhances visibility, while the padded interior keeps your dog comfortable for hours. It’s adjustable, easy to wear, and ideal for daily walks or training sessions.",https://drive.google.com/file/d/1-UvcU0U4_GHVMHnIRQcE10fiY8sRxsPh/view?usp=drivesdk,,Red Nylon Dog Harness | Bold & Secure – Petopia,Harness Belt Width - 0.75 Inch,550,0,0,dogs,red,nylon; metal; mesh; synthetic,adjustable; comfort-padding; washable; weather-resistant
Yellow Comfort Padded Dog Collar,Animals & Pet Supplies > Pet Supplies > Pet Collars & Harnesses > Standard Collars,"Perfect for small breeds, Petopia’s Yellow Comfort Padded Collar brings cheerful color and gentle comfort. The padded cotton layer cushions your dog’s neck, while the lightweight build ensures easy movement without irritation. Its sunny yellow shade adds a joyful vibe to every outing. Designed for smaller pets who deserve the same premium quality and comfort as larger breeds.",https://drive.google.com/file/d/1rKVQClsGUGwjXAwvsDmG5W0t1WY7xLSA/view?usp=drivesdk,,Yellow Padded Dog Collar | Petopia Small Breed,Collor Width - 0.75 Inch,440,1,0,dogs,red; yellow; multicolor,metal; cotton; nylon,adjustable; washable; comfort-padding
Pink Strong Nylon Dog Harness – Petopia,Animals & Pet Supplies > Pet Supplies > Pet Collars & Harnesses > Harnesses,"Cute meets tough with Petopia’s Pink Strong Nylon Dog Harness. Designed for comfort and durability, it features reinforced nylon straps and a soft padded chest plate. The pastel pink color adds charm, while the adjustable design provides a secure fit. Water-resistant and easy to clean, it’s perfect for everyday use.",https://drive.google.com/file/d/1gav56QDpEtMRgLFDajXrrmL5m_142jav/view?usp=drivesdk,,Pink Nylon Dog Harness | Cute & Durable – Petopia,Harness Belt Width - 0.75 Inch,550,1,0,dogs,pink,nylon; metal; mesh; synthetic,adjustable; comfort-padding; washable; weather-resistant
Orange Strong Nylon Dog Harness – Petopia,Animals & Pet Supplies > Pet Supplies > Pet Collars & Harnesses > Harnesses,"Bright, bold, and built to last — Petopia’s Orange Strong Nylon Dog Harness is designed for high visibility and comfort. Made from tear-resistant nylon with breathable mesh padding, it keeps your dog comfortable even during long walks. Its vibrant orange hue ensures safety during low-light walks. Adjustable, washable, and built to endure all adventures.",https://drive.google.com/file/d/1A_NGaaxv_GaXf5Q2JsielgpE_L_1RkPf/view?usp=drivesdk,,Orange Nylon Dog Harness | Bright & Durable – Petopia,Harness Belt Width - 0.75 Inch,550,1,0,dogs,orange,nylon; metal; mesh,adjustable; comfort-padding; washable; weather-resistant
Red Comfort Padded Dog Collar,Animals & Pet Supplies > Pet Supplies > Pet Collars & Harnesses > Standard Collars,"Vibrant and bold, Petopia’s Red Comfort Padded Dog Collar adds energy to every walk. The soft cushioned padding keeps your pet’s neck comfortable, while the breathable cotton fabric ensures irritation-free wear. Strong hardware provides secure control, and the bright red color enhances visibility. Perfect for daily walks or special outings, this collar is a blend of safety and modern style.",https://drive.google.com/file/d/1XF81ioXyTNt-TpC-FDzHSofxLydxwB0d/view?usp=drivesdk,,Red Padded Dog Collar | Petopia Soft & Strong,Collor Width - 0.75 Inch,440,0,0,dogs,red,metal; cotton; nylon,adjustable; washable; comfort-padding
Maroon Strong Nylon Dog Harness – Petopia,Animals & Pet Supplies > Pet Supplies > Pet Collars & Harnesses > Harnesses,"Elegant, durable, and made to last — Petopia’s Maroon Strong Nylon Dog Harness combines rich color with reliable construction. The double-layer nylon straps offer superior strength, while the padded chest and belly panels provide comfort for long wear. Easy-adjust buckles ensure the perfect fit for all breeds. Ideal for both everyday use and training.",https://drive.google.com/file/d/1_vO8Gix-KSrEnp-k1BPhGU3gy69ygbOG/view?usp=drivesdk,,Maroon Nylon Dog Harness | Premium & Strong – Petopia,Harness Belt Width - 0.75 Inch,550,1,0,dogs,red,nylon; metal,adjustable; comfort-padding; washable; weather-resistant
Green Strong Nylon Dog Harness – Petopia,Animals & Pet Supplies > Pet Supplies > Pet Collars & Harnesses > Harnesses,"Petopia’s Green Strong Nylon Dog Harness brings comfort and confidence to every walk. Made from high-strength nylon with breathable inner padding, it offers lasting support without restricting movement. The vibrant green color enhances your dog’s visibility outdoors. Lightweight, washable, and easy to adjust — a great companion for active pets.",https://drive.google.com/file/d/18m752d3C2TQvstV_zV_Fl1SPDKWjHW33/view?usp=drivesdk,,Green Nylon Dog Harness | Breathable & Durable – Petopia,Harness Belt Width - 0.75 Inch,550,1,0,dogs,green,nylon; metal,adjustable; comfort-padding; washable; weather-resistant
Brown Strong Nylon Dog Harness – Petopia,Animals & Pet Supplies > Pet Supplies > Pet Collars & Harnesses > Harnesses,"Tough, dependable, and comfortable — Petopia’s Brown Strong Nylon Dog Harness is made for dogs who love exploring. Crafted from thick nylon webbing, it’s designed to withstand pulling and outdoor wear. The soft padded chest piece keeps your pet comfortable, while adjustable straps ensure a perfect fit. Its earthy color and rust-free metal hardware make it both stylish and practical.",https://drive.google.com/file/d/10k0XCJzEdr33jGFv7UJKu8Sr4-_j2LRM/view?usp=drivesdk,,Brown Nylon Dog Harness | Rugged & Comfortable – Petopia,Harness Belt Width - 0.75 Inch,550,1,0,dogs,brown,nylon; metal,adjustable; comfort-padding; washable; weather-resistant
Blue Strong Nylon Dog Harness – Petopia,Animals & Pet Supplies > Pet Supplies > Pet Collars & Harnesses > Harnesses,"Give your pet a bold yet comfortable look with Petopia’s Blue Strong Nylon Dog Harness. Made with double-stitched nylon straps and breathable padding, it provides long-lasting durability and comfort. The bright blue color adds vibrancy while the adjustable design ensures a snug fit. Perfect for daily walks, adventures, or training. Machine-washable and quick-drying for easy maintenance.",https://drive.google.com/file/d/1crw2NGnSK8PbUi_LxAIhgB2ZWsr2YA-c/view?usp=drivesdk,,Blue Nylon Dog Harness | Vibrant & Durable – Petopia,Harness Belt Width - 0.75 Inch,550,0,0,dogs,blue,nylon; metal,adjustable; comfort-padding; washable; weather-resistant
Black Strong Nylon Dog Harness – Petopia,Animals & Pet Supplies > Pet Supplies > Pet Collars & Harnesses > Harnesses,"Timeless and powerful — the Black Strong Nylon Dog Harness by Petopia combines durability with elegance. Engineered with reinforced nylon straps and soft padding, it ensures maximum strength and comfort for your dog. The adjustable fit and quick-release buckles make it easy to put on or remove. Water-resistant and sturdy, it’s ideal for daily walks, runs, and training sessions. Designed to handle even the most energetic dogs.",https://drive.google.com/file/d/1bSzTtNN61c3_0j9Pt7GLNRyzaFYGA0D4/view?usp=drivesdk,,Black Nylon Dog Harness | Strong & Adjustable – Petopia,Harness Belt Width - 0.75 Inch,550,1,0,dogs,black,nylon; metal,adjustable; comfort-padding; washable; weather-resistant
Maroon Comfort Padded Dog Collar,Animals & Pet Supplies > Pet Supplies > Pet Collars & Harnesses > Standard Collars,"Rich in color and comfort, Petopia’s Maroon Comfort Padded Collar exudes luxury. The dual-layer padded cotton design provides unmatched softness and reduces strain around your dog’s neck. With reinforced stitching and polished hardware, this collar combines premium aesthetics with everyday practicality. Ideal for pets who love comfort with a touch of sophistication.",https://drive.google.com/file/d/1BZhJUFsfgXvcz5viDZZP1lvvL3qSAF1X/view?usp=drivesdk,,Maroon Padded Dog Collar | Petopia,Collor Width - 0.75 Inch,440,1,0,dogs,maroon,metal; cotton; nylon,adjustable; washable; comfort-padding
Beige Strong Nylon Dog Harness – Petopia,Animals & Pet Supplies > Pet Supplies > Pet Collars & Harnesses > Harnesses,"The perfect blend of strength and comfort — Petopia’s Beige Strong Nylon Dog Harness keeps your pet secure without compromising style. Crafted from heavy-duty woven nylon, it resists wear and tear while staying soft against your dog’s skin. The padded chest support distributes pressure evenly, reducing strain during walks. Its neutral beige tone complements any fur color, making it an everyday essential for stylish pets. Easy to adjust, breathable, and washable — built to last through every adventure.",https://drive.google.com/file/d/1MuNALbpHUvrChVmvblSfRFzaABziH7ss/view?usp=drivesdk,,Beige Nylon Dog Harness | Durable & Comfortable – Petopia,Harness Belt Width - 0.75 Inch,550,1,0,dogs,beige,nylon,adjustable; comfort-padding; washable
Black Comfort Padded Dog Collar,Animals & Pet Supplies > Pet Supplies > Pet Collars & Harnesses > Standard Collars,"Sleek, secure, and sophisticated - Petopia’s Black Comfort Padded Dog Collar is the definition of everyday luxury. Made from soft-touch cotton padding, it cushions your dog’s neck while maintaining a strong, durable frame. The matte black tone gives it a modern edge, perfect for any occasion. Designed for both comfort and control, it’s the ultimate collar for dogs who love classic, timeless looks.",https://drive.google.com/file/d/1PmeC6sE-Pt9TYTrRC3BbIKosLKJqk-Qx/view?usp=drivesdk,,Black Padded Dog Collar | Petopia Premium,Collor Width - 0.75 Inch,440,1,0,dogs,black,metal; cotton; nylon,adjustable; washable; comfort-padding
Orange Comfort Padded Dog Collar,Animals & Pet Supplies > Pet Supplies > Pet Collars & Harnesses > Standard Collars,"Bright and bold, Petopia’s Orange Comfort Padded Dog Collar is a statement of both comfort and confidence. Crafted from soft padded cotton for gentle wear, it ensures your pet stays irritation-free and secure all day long. The vibrant orange color enhances visibility, while the strong hardware provides dependable durability. Ideal for active pets who love playful colors and outdoor fun.",https://drive.google.com/file/d/1ZMg09uzPpjiejanfZp7UHLlKV5jdMdtB/view?usp=drivesdk,,Orange Padded Dog Collar | Petopia Soft Comfort,Collor Width - 0.75 Inch,440,1,0,dogs,orange,metal; cotton; nylon,adjustable; washable; comfort-padding
Grey Comfort Padded Dog Collar,Animals & Pet Supplies > Pet Supplies > Pet Collars & Harnesses > Standard Collars,"Modern, sleek, and gentle — Petopia’s Grey Comfort Padded Dog Collar is made from premium cotton webbing with an extra-soft padded interior for ultimate comfort. The breathable texture keeps your pet cool, while the lightweight structure makes it perfect for long walks. With durable hardware and minimalist design, it offers a contemporary look that never goes out of style. Designed for pets who love simplicity and luxury combined.",https://drive.google.com/file/d/1glqSvav1lXvwV4xVmI_DzlbkIRYLA7RE/view?usp=drivesdk,,Grey Padded Dog Collar | Petopia Soft & Secure,Collor Width - 0.75 Inch,440,0,0,dogs,grey,metal; cotton; nylon,adjustable; washable; comfort-padding
Brown Comfort Padded Dog Collar,Animals & Pet Supplies > Pet Supplies > Pet Collars & Harnesses > Standard Collars,"Experience pure comfort and elegance with Petopia’s Brown Comfort Padded Dog Collar. Crafted with breathable cotton fabric and soft inner padding, it minimizes strain and offers exceptional cushioning for your pet’s neck. The classic brown shade complements any fur color, while the reinforced stitching ensures long-term strength. Ideal for active dogs who need a secure and cozy fit during walks, training, or playtime.",https://drive.google.com/file/d/1X6wMNSYt0EKYxmSrwTs4ODjs7kDD7Aat/view?usp=drivesdk,,Brown Padded Dog Collar | Petopia Premium Comfort,Collor Width - 0.75 Inch,440,1,0,dogs,,metal; cotton; nylon,adjustable; washable; comfort-padding
Parrot Green Everyday Strong Polymer Dog Collar – Petopia,Animals & Pet Supplies > Pet Supplies > Pet Collars & Harnesses > Standard Collars,"Bright and bold, Petopia’s Parrot Green Everyday Strong Polymer Dog Collar adds a pop of color to your pet’s daily routine. Made with advanced polymer weave technology, it’s ultra-durable, flexible, and easy to maintain. The collar resists odor, stains, and fraying, keeping it fresh even after heavy use. Its breathable design ensures comfort, while the secure buckle keeps your dog safe on every walk.",https://drive.google.com/file/d/15cAREDdvAkcklTnhffHeTqVtHY5whslU/view?usp=drivesdk,,Parrot Green Polymer Dog Collar | Bright & Durable – Petopia,Collar Width - 32MM (L),120,1,0,dogs,green,polypropylene-pp; plastic; nylon; fabric; synthetic,weather-resistant; washable; comfort-padding; adjustable; quick-release
Blue Comfort Padded Dog Collar,Animals & Pet Supplies > Pet Supplies > Pet Collars & Harnesses > Standard Collars,"Keep your dog’s neck protected and stylish with Petopia’s Blue Comfort Padded Dog Collar. Designed using soft cotton and high-density padding, it provides cloud-like comfort while reducing pressure during walks. The smooth, skin-friendly fabric prevents chafing, even for dogs with sensitive skin. Featuring a sturdy metal buckle and D-ring, this collar ensures both safety and long-lasting durability. Ideal for everyday adventures, this deep blue tone gives your pet a refined and confident look.",https://drive.google.com/file/d/1D5zhahpo1jij83VjaUN8m_R5HChCEeQI/view?usp=drivesdk,,Blue Padded Dog Collar | Petopia Comfort & Style,Collor Width - 0.75 Inch,440,1,0,dogs,blue,metal; cotton; nylon,adjustable; washable; comfort-padding
Dark Green Everyday Strong Polymer Dog Collar – Petopia,Animals & Pet Supplies > Pet Supplies > Pet Collars & Harnesses > Standard Collars,"For pets who love the outdoors, Petopia’s Dark Green Everyday Strong Polymer Dog Collar blends resilience with style. The heavy-duty polymer material is engineered to withstand rough use while staying soft on the skin. Dirt-resistant and easy to wipe clean, it’s perfect for hikes, walks, and training. Adjustable and lightweight, it offers both safety and all-day comfort.",https://drive.google.com/file/d/1X2K2rMca1MYinwQIW8svmW4bUndJhg1s/view?usp=drivesdk,,Dark Green Polymer Dog Collar | Outdoor-Ready & Durable – Petopia,Collar Width - 32MM (L),120,1,0,dogs,green,polypropylene-pp; plastic; nylon; fabric; synthetic,weather-resistant; washable; comfort-padding; adjustable; quick-release
Brown Everyday Strong Polymer Dog Collar – Petopia,Animals & Pet Supplies > Pet Supplies > Pet Collars & Harnesses > Standard Collars,"Rugged, earthy, and dependable — Petopia’s Brown Everyday Strong Polymer Dog Collar delivers performance and comfort. Built with reinforced polymer fabric, it’s resistant to tearing and weather damage. The soft inner weave ensures no irritation, making it ideal for daily use. Its natural tone complements every breed, while the easy-adjust buckle offers a secure fit. Low-maintenance and quick-drying for outdoor adventures.",https://drive.google.com/file/d/1CSZHmWFmX2Qm_KxN7bXsLz2ZfZeIF8tt/view?usp=drivesdk,,Brown Polymer Dog Collar | Tough & Comfortable – Petopia,Collar Width - 32MM (L),120,1,0,dogs,brown,polypropylene-pp; plastic; nylon; fabric,weather-resistant; washable; comfort-padding; adjustable; quick-release
Blue Everyday Strong Polymer Dog Collar – Petopia,Animals & Pet Supplies > Pet Supplies > Pet Collars & Harnesses > Standard Collars,"Give your dog comfort and strength with Petopia’s Blue Everyday Strong Polymer Dog Collar. Crafted from advanced polymer fabric, it combines flexibility with heavy-duty endurance. The soft texture prevents chafing while the fade-resistant finish keeps its color vibrant. Lightweight and breathable, it stays comfortable even during long walks or outdoor activities. Quick-dry, washable, and designed to last for years of wagging tails.",https://drive.google.com/file/d/1vYilXedMhLvEsbJyXKrdw5q7ABLLnypR/view?usp=drivesdk,,Blue Polymer Dog Collar | Comfortable & Long-Lasting – Petopia,Collar Width - 32MM (L),120,1,0,dogs,blue,polypropylene-pp; plastic; nylon,weather-resistant; washable; comfort-padding; adjustable; quick-release
Black Everyday Strong Polymer Dog Collar – Petopia,Animals & Pet Supplies > Pet Supplies > Pet Collars & Harnesses > Standard Collars,"Timeless and tough, Petopia’s Black Everyday Strong Polymer Dog Collar is designed for maximum endurance. Made from high-density polymer fabric, it resists fraying, stretching, and moisture. The smooth inner lining ensures all-day comfort while preventing skin irritation. Lightweight yet extremely durable, this collar is perfect for daily walks, training, or outdoor play. The water-repellent finish and rust-proof metal buckle make it ideal for any weather. Built to last through every adventure.",https://drive.google.com/file/d/1KvJqPkIpJmhB_SoEmquZGr-vcVHPvEmM/view?usp=drivesdk,,Black Polymer Dog Collar | Everyday Strong & Durable – Petopia,Collar Width - 32MM (L),120,1,0,dogs,black,plastic; nylon; polypropylene-pp; metal,weather-resistant; washable
Red & Yellow Stripe Cotton Dog Collar,Animals & Pet Supplies > Pet Supplies > Pet Collars & Harnesses > Standard Collars,"Bright, bold, and bursting with personality - Petopia’s Red & Yellow Cotton Collar combines vibrant design with superior comfort. The soft cotton material is breathable, lightweight, and gentle against the fur, making it ideal for sensitive skin. Reinforced stitching and strong metal hardware ensure long-term durability and secure fits for energetic pups. A perfect fusion of fashion and function.",https://drive.google.com/file/d/1zUzkrNdKlcs3oLR98OPNYezsUlf4mtko/view?usp=drivesdk,,Red & Yellow Cotton Dog Collar | Petopia,Collor Width - 0.75 Inch,95,1,0,dogs,striped,cotton,comfort-padding; quick-release
Red Nylon Dog Collar – Petopia,Animals & Pet Supplies > Pet Supplies > Pet Collars & Harnesses > Standard Collars,"Make a bold style statement with Petopia’s Red Nylon Dog Collar. Crafted from tough yet flexible nylon, it provides long-lasting durability with a soft, smooth finish that prevents irritation. The striking red color enhances your dog’s personality while ensuring visibility outdoors. Equipped with a strong buckle and rust-proof hardware, this collar delivers both safety and style in one perfect package.",,,Red Nylon Dog Collar | Bold & Strong – Petopia,Collar Width - 0.5 Inch,100,1,0,dogs,red,nylon,comfort-padding; weather-resistant; adjustable; washable; reflective; quick-release
Yellow Nylon Dog Collar – Petopia,Animals & Pet Supplies > Pet Supplies > Pet Collars & Harnesses > Standard Collars,"Bring sunshine to every walk with Petopia’s Yellow Nylon Dog Collar. The bright color enhances visibility while the premium nylon offers superior comfort and durability. Lightweight, breathable, and resistant to fraying, it’s ideal for dogs of all sizes. The adjustable design ensures a secure fit, and the quick-dry feature keeps your pup fresh after outdoor play or rain.",https://drive.google.com/file/d/1hTrzFfUMTR8xs9GYZGi4hCZLdC6Stc5c/view?usp=drivesdk,,Yellow Nylon Dog Collar | Bright & Durable – Petopia,Collar Width - 0.5 Inch,100,0,0,dogs,yellow,nylon,comfort-padding; weather-resistant; adjustable; washable; reflective; quick-release
"Blue, Red & Peach Stripe Cotton Dog Collar",Animals & Pet Supplies > Pet Supplies > Pet Collars & Harnesses > Standard Collars,"Add a splash of color with Petopia’s Blue, Red & Peach Cotton Collar. The soft, natural cotton fibers make it breathable and gentle, while its strong woven design resists fraying and wear. The lively color palette adds a playful vibe to your pet’s look, and the smooth texture ensures comfort during long walks. Perfect for stylish pets with a fun-loving personality.",https://drive.google.com/file/d/1AYrBymIJEgBS9PoNsYJrn2r_QAfqGAGb/view?usp=drivesdk,,Blue & Red Cotton Dog Collar | Petopia Style,Collor Width - 0.75 Inch,95,1,0,dogs,striped,cotton,comfort-padding; quick-release
Pink Nylon Dog Collar – Petopia,Animals & Pet Supplies > Pet Supplies > Pet Collars & Harnesses > Standard Collars,"Sweet, strong, and stylish — Petopia’s Pink Nylon Dog Collar adds a touch of charm to your dog’s daily walks. Made with premium-grade nylon, it’s soft on the skin yet highly durable. The adjustable buckle provides a custom fit, and the vibrant color remains bright wash after wash. Gentle on fur, waterproof, and resistant to wear, this collar combines elegance with functionality.",https://drive.google.com/file/d/1fnjbBtD8OQWP1B2w-aSxgyUmObWQHap5/view?usp=drivesdk,,Pink Nylon Dog Collar | Cute & Comfortable – Petopia,Collar Width - 0.5 Inch,100,0,0,dogs,pink,nylon,comfort-padding; weather-resistant; adjustable; washable; reflective
Orange Nylon Dog Collar – Petopia,Animals & Pet Supplies > Pet Supplies > Pet Collars & Harnesses > Standard Collars,"Vibrant, bold, and made for adventure — Petopia’s Orange Nylon Dog Collar is both functional and stylish. The sturdy nylon construction provides durability while maintaining flexibility for comfort. Its bright hue enhances visibility during walks, and the collar’s rust-free buckle ensures long-term use. Breathable and washable, this collar is ideal for active dogs who love to explore.",https://drive.google.com/file/d/1HdSrPEykHsWmomJTbheW41CJNHWZGX26/view?usp=drivesdk,,Orange Nylon Dog Collar | Vibrant & Durable – Petopia,Collar Width - 0.5 Inch,100,0,0,dogs,orange,nylon,comfort-padding; weather-resistant; adjustable; washable; reflective
Chocolate & White Stripe Cotton Dog Collar,Animals & Pet Supplies > Pet Supplies > Pet Collars & Harnesses > Standard Collars,"Understated luxury defines Petopia’s Chocolate & White Cotton Collar. The ultra-soft cotton provides irritation-free comfort for sensitive skin, while the dense weave offers impressive strength and flexibility. Finished with matte black hardware, it’s perfect for pets who love simple sophistication. Lightweight, washable, and designed for durability, it’s the go-to choice for effortless everyday wear.",https://drive.google.com/file/d/1bKLdRb8ZD2Vgkt4wdO8C8p64BBEWJmLI/view?usp=drivesdk,,Chocolate Brown Cotton Dog Collar | Petopia,Collor Width - 0.75 Inch,95,1,0,dogs,striped,cotton,comfort-padding; quick-release
Neon Green Nylon Dog Collar – Petopia,Animals & Pet Supplies > Pet Supplies > Pet Collars & Harnesses > Standard Collars,"Keep your dog safe and visible with Petopia’s Neon Green Nylon Dog Collar. Designed with reflective, high-visibility nylon, it’s perfect for night walks or outdoor play. The material is soft, lightweight, and quick-drying, ensuring comfort even in hot or humid conditions. Reinforced stitching adds strength, and the adjustable strap guarantees a secure fit. Stylish, safe, and practical for all breeds.",https://drive.google.com/file/d/1QFItqr4LeTqIx9mMWhdOZG3h4ks4Ef4u/view?usp=drivesdk,,Neon Green Nylon Dog Collar | Reflective & Safe – Petopia,Collar Width - 0.5 Inch,100,0,0,dogs,blue; green,nylon,comfort-padding; weather-resistant; adjustable; washable; reflective
Forest Green & White Stripe Cotton Dog Collar,Animals & Pet Supplies > Pet Supplies > Pet Collars & Harnesses > Standard Collars,"Sophisticated and soothing, Petopia’s Forest Green & White Cotton Collar is crafted from premium soft cotton webbing that’s both durable and gentle on your pet’s skin. The breathable texture keeps your pet cool in warm weather and cozy in winter. Strong metal hardware offers reliable safety, while the deep green hue adds a timeless, classic look. Ideal for dogs who love elegance as much as comfort.",https://drive.google.com/file/d/1Djwwoave4IuMuYIxwpoO8a-pU0XxbRgt/view?usp=drivesdk,,Forest Green Cotton Dog Collar | Petopia,Collor Width - 0.75 Inch,95,1,0,dogs,striped,cotton,comfort-padding; quick-release
Red & White Stripe Cotton Dog Collar,Animals & Pet Supplies > Pet Supplies > Pet Collars & Harnesses > Standard Collars,"Make every walk bright with Petopia’s Red & White Stripe Cotton Collar. The soft, breathable cotton ensures a gentle fit for your dog’s neck, preventing irritation even with long wear. The vibrant red tones add cheerful energy, while the durable metal buckle and D-ring promise safety and strength. This collar is lightweight yet sturdy — perfect for daily walks, training, and casual outings.",https://drive.google.com/file/d/1iFBE9jvR7t47FCW5iOMJV4y_VUSn823K/view?usp=drivesdk,,Red & White Cotton Dog Collar | Petopia,Collor Width - 0.75 Inch,95,0,0,dogs,striped,cotton,comfort-padding; quick-release
Maroon Nylon Dog Collar – Petopia,Animals & Pet Supplies > Pet Supplies > Pet Collars & Harnesses > Standard Collars,"Add sophistication to your dog’s wardrobe with Petopia’s Maroon Nylon Dog Collar. Crafted with fade-resistant, premium nylon, it offers durability and comfort in one elegant design. The maroon shade stands out beautifully on all coats, and the smooth finish prevents chafing. Perfect for everyday use, it’s strong enough for active dogs while being lightweight enough for daily comfort. Machine-washable and weather-friendly, it’s built to last.",https://drive.google.com/file/d/1FNCehVj2HL9lNbqSYhPGqfNIFOAnMQ6W/view?usp=drivesdk,,Maroon Nylon Dog Collar | Premium & Soft – Petopia,Collar Width - 0.5 Inch,100,2,0,dogs,red,nylon,comfort-padding; weather-resistant; adjustable; washable
Dark Grey Nylon Dog Collar – Petopia,Animals & Pet Supplies > Pet Supplies > Pet Collars & Harnesses > Standard Collars,"Modern, sleek, and minimal — Petopia’s Dark Grey Nylon Dog Collar brings sophistication to daily wear. Built with dense nylon fibers, it’s resistant to fraying and moisture, ensuring long-lasting performance. The neutral tone pairs well with any coat color, while the soft inner lining ensures comfort. Easy to adjust and secure with sturdy hardware, this collar is perfect for stylish pet parents who value function and aesthetics alike.",https://drive.google.com/file/d/1z4i5YoUCoCSB0tuvMGv00NDlOIc3ea6_/view?usp=drivesdk,,Dark Grey Nylon Dog Collar | Sleek & Durable – Petopia,Collar Width - 0.5 Inch,100,0,0,dogs,blue,nylon,comfort-padding; weather-resistant; adjustable; washable
"Black, Red & Beige Stripe Cotton Dog Collar",Animals & Pet Supplies > Pet Supplies > Pet Collars & Harnesses > Standard Collars,"Bold, modern, and built for comfort – Petopia’s Black, Red & Beige Stripe Cotton Collar makes a statement every time your pet steps out. The soft, high-quality cotton fabric provides excellent breathability, while its sturdy weave ensures dependable performance for daily use. The vibrant tri-color design adds a touch of urban flair without compromising comfort. Lightweight, washable, and pet-safe — this collar is where style meets everyday practicality.",https://drive.google.com/file/d/11dHTD7m_gB6xm_lhTSF37fb7hdKDK9RI/view?usp=drivesdk,,Black & Red Cotton Dog Collar | Petopia Style,Collor Width - 0.75 Inch,95,1,0,dogs,striped,cotton,comfort-padding; quick-release
Dark Brown & Green Stripe Cotton Dog Collar,Animals & Pet Supplies > Pet Supplies > Pet Collars & Harnesses > Standard Collars,"Inspired by nature, Petopia’s Dark Brown & Green Stripe Cotton Collar is designed for pets who love the outdoors. The breathable cotton material keeps your dog comfortable in every season, while the sturdy build ensures lasting use. Its soft texture prevents chafing and irritation, and the elegant earthy tones pair perfectly with any leash. Whether it’s a park stroll or a weekend trip, this collar combines comfort, durability, and timeless charm.",https://drive.google.com/file/d/1PVZD7zi5oXNHzyd1wUK_ojQv7OasCNDS/view?usp=drivesdk,,Dark Brown & Green Dog Collar | Petopia Premium,Collor Width - 0.75 Inch,95,0,0,dogs,striped,cotton,comfort-padding; quick-release
Beige & Olive Stripe Cotton Dog Collar,Animals & Pet Supplies > Pet Supplies > Pet Collars & Harnesses > Standard Collars,"Bring a touch of earthy sophistication to your dog’s wardrobe with Petopia’s Beige & Olive Stripe Cotton Collar. Crafted from 100% soft cotton webbing, it’s gentle on your pet’s skin, reducing irritation and providing breathable comfort all day long. The durable weave offers reliable strength without the bulk, making it ideal for both indoor lounging and outdoor adventures. With premium black hardware and a timeless striped pattern, it’s the perfect mix of style, safety, and comfort.",https://drive.google.com/file/d/13Aflb8NXj2e1kuf_UllnQVutcUhloCj8/view?usp=drivesdk,,Beige & Olive Cotton Dog Collar | Petopia Comfort,Collor Width - 0.75 Inch,95,1,0,dogs,striped,cotton,comfort-padding; quick-release
Golden Nylon Dog Collar – Petopia,Animals & Pet Supplies > Pet Supplies > Pet Collars & Harnesses > Standard Collars,"Give your dog a royal touch with Petopia’s Golden Nylon Dog Collar. Made from premium-grade nylon, this collar offers exceptional strength and comfort while being gentle on your pet’s neck. The lightweight, non-irritating fabric ensures your dog stays comfortable all day, whether during long walks or playtime. The golden tone adds a luxurious feel, while the adjustable buckle provides a secure fit for any breed. It’s water-resistant, easy to clean, and built to last through all your adventures.",,,Golden Nylon Dog Collar | Premium & Durable – Petopia,Collar Width - 0.5 Inch,100,1,0,dogs,blue,nylon,comfort-padding; weather-resistant; adjustable; washable
Brown Nylon Dog Collar – Petopia,Animals & Pet Supplies > Pet Supplies > Pet Collars & Harnesses > Standard Collars,"Rugged charm meets premium quality with Petopia’s Brown Nylon Dog Collar. Made from ultra-durable nylon, it offers long-lasting use and a comfortable fit. The earthy brown color hides dirt easily, making it great for outdoor dogs. Featuring rust-free metal hardware and adjustable sizing, it’s perfect for everyday walks, training sessions, or hikes. The collar is washable, quick-drying, and designed to endure all weather conditions.",https://drive.google.com/file/d/1sYDHR-VaFHUj29HImIkWLqIPCeQ3V0Dm/view?usp=drivesdk,,Brown Nylon Dog Collar | Tough & Comfortable – Petopia,Collar Width - 0.5 Inch,100,0,0,dogs,blue,nylon,comfort-padding; weather-resistant; adjustable; washable
Blue Nylon Dog Collar – Petopia,Animals & Pet Supplies > Pet Supplies > Pet Collars & Harnesses > Standard Collars,"Cool, calm, and durable — the Blue Nylon Dog Collar by Petopia is a must-have for active dogs. Crafted from flexible yet resilient nylon, it withstands pulling and tugging while keeping your pet comfortable. The color-fast material retains its vibrant blue tone, even after regular washing. Breathable and soft, it prevents skin irritation, and the adjustable design ensures a snug, safe fit. Ideal for energetic pets who love outdoor play.",https://drive.google.com/file/d/1MmtMInsFRoqgTXebXkB8vD9PXQm_xE9K/view?usp=drivesdk,,Blue Nylon Dog Collar | Stylish & Comfortable – Petopia,Collar Width - 0.5 Inch,100,1,0,dogs,blue,nylon,comfort-padding; weather-resistant; adjustable; washable
Black Nylon Dog Collar – Petopia,Animals & Pet Supplies > Pet Supplies > Pet Collars & Harnesses > Standard Collars,"A true classic, Petopia’s Black Nylon Dog Collar delivers unmatched strength and style. Crafted with heavy-duty woven nylon, it offers excellent resistance to wear and tear while staying soft on your pet’s skin. The smooth texture prevents matting and irritation, and its weatherproof design makes it ideal for all seasons. Finished with rust-resistant hardware, this collar blends durability with timeless elegance — perfect for everyday use or formal outings.",https://drive.google.com/file/d/1cOjNlfR_XopBS5uUKxal0XonJFQjDmdp/view?usp=drivesdk,,Black Nylon Dog Collar | Classic & Durable – Petopia,Collar Width - 0.5 Inch,100,1,0,dogs,,nylon,comfort-padding; weather-resistant; adjustable
Beige Nylon Dog Collar – Petopia,Animals & Pet Supplies > Pet Supplies > Pet Collars & Harnesses > Standard Collars,"Subtle elegance meets everyday comfort with Petopia’s Beige Nylon Dog Collar. Designed with strong, high-quality nylon webbing, it provides long-lasting use without sacrificing softness. The neutral beige shade complements every coat color, making it a timeless accessory for your furry friend. It’s lightweight, non-abrasive, and moisture-resistant — perfect for daily walks or outdoor adventures. With sturdy hardware and an easy-adjust buckle, this collar ensures both comfort and safety for your pet.",https://drive.google.com/file/d/1J-sp5qzxTJw2dJRMmYBfx5nsCpaXlzwl/view?usp=drivesdk,,Beige Nylon Dog Collar | Elegant & Comfortable – Petopia,Collar Width - 0.5 Inch,100,0,0,dogs,beige,nylon,comfort-padding; weather-resistant; adjustable